filtered_playerGame,filtered_gameMatch
BIOSHOCK,BIOSHOCKINFINITE
BIOSHOCK,BIOSHOCKREMASTERED
BIOSHOCK,BIOSHOCK2REMASTERED
JAZZPUNK,JAZZPUNKDIRECTORSCUT
BIOSHOCK2,BIOSHOCK2REMASTERED
FALLENEARTH,FALLENEARTHFREE2PLAY
ASSASSINSCREEDII,ASSASSINSCREEDIIIREMASTERED
DEUSEXHUMANREVOLUTION,DEUSEXHUMANREVOLUTIONDIRECTORSCUT
SLEEPINGDOGS,SLEEPINGDOGSDEFINITIVEEDITION
METRO2033,METRO2033REDUX
MONACO,MONACOWHATSYOURSISMINE
ASSASSINSCREEDIII,ASSASSINSCREEDIIIREMASTERED
ORIANDTHEBLINDFOREST,ORIANDTHEBLINDFORESTDEFINITIVEEDITION
METROLASTLIGHT,METROLASTLIGHTREDUX
MARKOFTHENINJA,MARKOFTHENINJAREMASTERED
TRINE,TRINEENCHANTEDEDITION
TRINE,TRINE2COMPLETESTORY
TRINE,THECASTLEDOCTRINE
TRINE,TRINE3THEARTIFACTSOFPOWER
TRINE,PHANTOMDOCTRINE
TRINE,LANDDOCTRINE
TRINE,PANZERDOCTRINE
FARCRY2,FARCRY2FORTUNESEDITION
SPINTIRES,SPINTIRESTHEORIGINALGAME
DEADISLAND,ESCAPEDEADISLAND
DEADISLAND,DEADISLANDRETROREVENGE
DEADISLAND,DEADISLANDDEFINITIVEEDITION
DEADISLAND,DEADISLANDRIPTIDEDEFINITIVEEDITION
LEGOHARRYPOTTER,LEGOHARRYPOTTERYEARS14
LEGOHARRYPOTTER,LEGOHARRYPOTTERYEARS57
ASTEBREED,ASTEBREEDDEFINITIVEEDITION
THEWITCHERENHANCEDEDITION,THEWITCHERENHANCEDEDITIONDIRECTORSCUT
SONICGENERATIONS,SONICGENERATIONSCOLLECTION
COGS,COGSANDCOWBOYS
COGS,EVILCOGS
SIMCITY4DELUXE,SIMCITY4DELUXEEDITION
APPGAMEKIT,APPGAMEKITEASYGAMEDEVELOPMENT
AUDIOSURF,AUDIOSURF2
AWESOMENAUTS,AWESOMENAUTSTHE2DMOBA
BORDERLANDS,BORDERLANDS2
BORDERLANDS,BORDERLANDSTHEPRESEQUEL
BORDERLANDS,TALESFROMTHEBORDERLANDS
BORDERLANDS,BORDERLANDSGAMEOFTHEYEARENHANCED
BULLETSTORM,BULLETSTORMFULLCLIPEDITION
DARKSIDERS,DARKSIDERSIIDEATHINITIVEEDITION
DARKSIDERS,DARKSIDERSWARMASTEREDEDITION
DARKSIDERS,DARKSIDERSIII
DEADISLANDRIPTIDE,DEADISLANDRIPTIDEDEFINITIVEEDITION
DEARESTHER,DEARESTHERLANDMARKEDITION
ENDLESSSPACE,ENDLESSSPACECOLLECTION
ENDLESSSPACE,ENDLESSSPACE2
GOTHIC,GOTHIC3
GOTHIC,GOTHICIIGOLDEDITION
GOTHIC,GOTHIC1
GOTHIC,GOTHIC3FORSAKENGODSENHANCEDEDITION
GOTHIC,ELMINAGEGOTHIC
GOTHIC,BATTLEFLEETGOTHICARMADA
GOTHIC,BATTLEFLEETGOTHICARMADA2
GOTHIC,GOTHICCBREAKER
GRID,DEFENSEGRIDTHEAWAKENING
GRID,GRIDRUNNERREVOLUTION
GRID,GRID2
GRID,DG2DEFENSEGRID2
GRID,GRIDAUTOSPORT
GRID,GRIDIRONSOLITAIRE
GRID,GRIDBERD
GRID,GRIDWORLD
GRID,GRIDMASTERS
GRID,POWARGRID
GRID,BITSHIFTBATTLEGRID
GRID,9GRIDSVR
GRID,VRBATTLEGRID
GRID,GRIDLEGIONSTORM
GRID,GRIDDRETROENHANCED
GRID,GRIDVR
GRID,ESCAPETHEGRIDVR
GRID,GRIDGUNNER
GRID,JUMPGRID
GRID,COLOGRIDZATION
GRID,UNBLOCKGRIDLOCK
KILLERISDEAD,KILLERISDEADNIGHTMAREEDITION
MERCENARYKINGS,MERCENARYKINGSRELOADEDEDITION
STARWARSEMPIREATWARGOLD,STARWARSEMPIREATWARGOLDPACK
STATEOFDECAY,STATEOFDECAYYOSE
TITANQUEST,TITANQUESTANNIVERSARYEDITION
TERA,WARHAMMER40000DAWNOFWARWINTERASSAULT
TERA,VALERIEPORTERANDTHESCARLETSCANDAL
TERA,PROJECTEAGLEA3DINTERACTIVEMARSBASE
TERA,QUADRILATERALCOWBOY
TERA,WESTERADODOUBLEBARRELED
TERA,THEORIGINALSTRIFEVETERANEDITION
TERA,CATLATERALDAMAGE
TERA,THEINTERACTIVEADVENTURESOFDOGMENDONAPIZZABOY
TERA,PDHOWLER96DIGITALPAINTERANDVISUALFXBOX
TERA,VETERANCOMBAT
TERA,THESLAUGHTERACTONE
TERA,AFTERALL
TERA,OBLITERACERS
TERA,HERALDANINTERACTIVEPERIODDRAMABOOKIII
TERA,THEHURRICANEOFTHEVARSTRAYCOLLATERALHAZARD
TERA,PLANTERA
TERA,DISSONANCEANINTERACTIVENOVELETTE
TERA,BURIEDANINTERACTIVESTORY
TERA,COUNTERATTACK
TERA,BIGBUCKHUNTERARCADE
TERA,DOCTORKVORAKSOBLITERATIONGAME
TERA,COPTERANDSKY
TERA,LEVANTERATALEOFTHEWINDS
TERA,THEWRITERACHANGEOFIDENTITY
TERA,STARFIGHTERARDUXIM
TERA,COUNTERAGENTS
TERA,TERATINIVR
TERA,VRMONSTERAWAKENS
TERA,JUPITERATION
TERA,ALGOTICAITERATIONS
TERA,ALTERARMY
TERA,ABRAXASINTERACTIVESPUSH
TERA,TACTERA
TERA,AWRITERANDHISDAUGHTER
TERA,DOKIDOKILITERATURECLUB
TERA,MEANWHILEANINTERACTIVECOMICBOOK
TERA,SUPERDUNGEONMASTERACETHECLASSICFANTASYADVENTURERPG
TERA,SNIPERHUNTERADVENTURE3D
TERA,AMAZEINTERACTIVEVRMOVIES
TERA,REDLINEULTIMATERACING
TERA,SHOOTTERA
TERA,ULTIMATERACING2D
TERA,WITCHESLEGACYHUNTERANDTHEHUNTEDCOLLECTORSEDITION
TERA,VIKISPOTTERAROUNDTHEWORLD
TERA,ROLLERCOASTERAPOCALYPSEVR
TERA,OBLITERACY
TERA,TRIVIAVAULTLITERATURETRIVIA
TERA,MONSTERADVENTURER
TERA,WELCOMETOCHICHESTER2THESPYOFCHICHESTERANDTHEEAGERTOURISTGUIDE
TERA,HIPSTERATTACK
TERA,BEHATEFREEINTERACTIVE
TERA,GLASSPAINTINGWINTERART
TERA,VRINTERACTIVETRAILERRUNES
TERA,INFINITERAVE
TERA,THECOUNTERATTACKOFSACRIFICE
FLATOUT3,FLATOUT3CHAOSDESTRUCTION
DCSWORLD,DCSWORLDSTEAMEDITION
THEHUNTER,THEHUNTERCLASSIC
THEHUNTER,THEHUNTERCALLOFTHEWILD
THEHUNTER,KEEPERTHEHUNTEROFINSECT
THEHUNTER,DETECTIVEHOLMESTRAPFORTHEHUNTERHIDDENOBJECTS
EUROPAUNIVERSALISIII,EUROPAUNIVERSALISIIICOMPLETE
MYLANDS,MYLANDSBLACKGEMHUNTING
DEFENSEGRID2,DG2DEFENSEGRID2
DEFYGRAVITY,DEFYGRAVITYEXTENDED
SKILLSPECIALFORCE2,SKILLSPECIALFORCE2SHOOTER
THEELDERSCROLLSIVOBLIVION,THEELDERSCROLLSIVOBLIVIONGAMEOFTHEYEAREDITION
THEELDERSCROLLSIIIMORROWIND,THEELDERSCROLLSIIIMORROWINDGAMEOFTHEYEAREDITION
THEMOVIES,FANTASYMOSAICS21ONTHEMOVIESET
THEWALKINGDEAD,THEESCAPISTSTHEWALKINGDEAD
INDIGOPROPHECY,FAHRENHEITINDIGOPROPHECYREMASTERED
MONKEYISLAND2SPECIALEDITION,MONKEYISLAND2SPECIALEDITIONLECHUCKSREVENGE
EETS,EETSMUNCHIES
EETS,TEXMURPHYMEANSTREETS
EETS,BLOODYSTREETS
EETS,STREETSOFFURYEX
EETS,DRIFTSTREETSJAPAN
EETS,BACKSTREETSOFTHEMIND
EETS,STREETSOFROGUE
EETS,CITYOFROTTSTREETSOFROTT
EETS,PIXELRUSSIASTREETS
EETS,ALIMARDANMEETSMERLIN
EETS,FLEETSOFASCENDANCY
EETS,CORPSEPARTYSWEETSACHIKOSHYSTERICBIRTHDAYBASH
EETS,STREETSABLAZE
EETS,SILENTTWEETS
EETS,FLEETSTARV
EETS,PIPEBYBMXSTREETS
EETS,GENERATIONSTREETS
EETS,SWEETSEASONS
EETS,STREETSOFREDDEVILSDAREDELUXE
EETS,NEETSIMULATOR
EETS,JULIESSWEETS
EETS,GIRLSSWEETS
EETS,FLEETSCRAPPER
PENUMBRABLACKPLAGUE,PENUMBRABLACKPLAGUEGOLDEDITION
BENTHEREDANTHAT,TIMEGENTLEMENPLEASEANDBENTHEREDANTHATSPECIALEDITIONDOUBLEPACK
TIMEGENTLEMENPLEASE,TIMEGENTLEMENPLEASEANDBENTHEREDANTHATSPECIALEDITIONDOUBLEPACK
TRINE2,TRINE2COMPLETESTORY
FORCED,DELTAFORCETASKFORCEDAGGER
FORCED,FORCEDSLIGHTLYBETTEREDITION
FORCED,FORCEDSHOWDOWN
FORCED,STRIKEFORCEDESERTTHUNDER
FORCED,FEXFORCEDEVOLUTIONEXPERIMENT
FORCED,TINYFORCEDELUXE
DARKSIDERSII,DARKSIDERSIIDEATHINITIVEEDITION
DARKSIDERSII,DARKSIDERSIII
FORGE,SUPREMECOMMANDERFORGEDALLIANCE
FORGE,HUNTEDTHEDEMONSFORGE
FORGE,GENEFORGE1
FORGE,GENEFORGE2
FORGE,GENEFORGE3
FORGE,GENEFORGE4REBELLION
FORGE,GENEFORGE5OVERTHROW
FORGE,WIZARDRY6BANEOFTHECOSMICFORGE
FORGE,WINDFORGE
FORGE,LANTERNFORGE
FORGE,FORGETMENOTMYORGANICGARDEN
FORGE,SKYFORGE
FORGE,CAMPUSNOTESFORGETMENOT
FORGE,FORGEOFGODSRPG
FORGE,CITADELFORGEDWITHFIRE
FORGE,SPELLFORGE
FORGE,SHOTFORGE
FORGE,NEVERFORGETME
FORGE,GEMFORGE
FORGE,LIFEFORGEREBORNORPG
FORGE,FORGEDBATTALION
FORGE,PRINTERFORGE3D
FORGE,GMFORGEVIRTUALTABLETOP
FORGE,DONTFORGETOURESPORTSDREAM
FORGE,WARFORGED
GRAVI,AAAAAAARECKLESSDISREGARDFORGRAVITY
GRAVI,GRAVITRON2
GRAVI,CARGOTHEQUESTFORGRAVITY
GRAVI,DEFYGRAVITYEXTENDED
GRAVI,GRAVITYGHOST
GRAVI,GRAVITYBADGERS
GRAVI,GRAVITEAMTACTICSOPERATIONSTAR
GRAVI,GRAVITEAMTACTICSMIUSFRONT
GRAVI,AIRSCAPETHEFALLOFGRAVITY
GRAVI,BEYONDGRAVITY
GRAVI,DRONEZEROGRAVITY
GRAVI,OVERGRAVITY
GRAVI,GRAVITYERROR
GRAVI,PERFECTUNIVERSEPLAYWITHGRAVITY
GRAVI,GRAVITYLABGRAVITATIONALTESTINGFACILITYOBSERVATIONS
GRAVI,GRAVITYISLAND
GRAVI,ZEROGRAVITY
GRAVI,PROJECTGRAVITON
GRAVI,GRAVITYCOMPASS
GRAVI,GRAVITYDEN
GRAVI,GRAVITYCAT
GRAVI,ANTGRAVITYTINYSADVENTURE
GRAVI,GIMBALGRAVITY
GRAVI,ORBITPLAYINGWITHGRAVITY
GRAVI,COGCENTEROFGRAVITY
GRAVI,MINDCUBESINSIDETHETWISTEDGRAVITYPUZZLE
GRAVI,ANTIGRAVIATOR
GRAVI,THEFLAWSOFGRAVITY
GRAVI,ARTOFGRAVITY
GRAVI,GRAVITYQUEST
GRAVI,GRAVGRAVGRAVITY
GRAVI,HYPERDRIVETHEINSANEGRAVITYRACE
GRAVI,GRAVITYLIGHT
GRAVI,INFINITEGRAVITY
GRAVI,ANTIGRAVITYWARRIORSVR
GRAVI,GRAVITYBALL
GRAVI,FREEYOURSELFAGRAVITYPUZZLEGAMESTARRINGYOU
GRAVI,GRAVITYPUZZLES
GRAVI,SUPERGRAVITYBALL
GRAVI,CRITICALGRAVITY
GRAVI,AEVEZEROGRAVITY
GRAVI,MAGICGRAVITY
GRAVI,GRAVITYWELL
GRAVI,GRAVITYCERS
GRAVI,OCTOGRAVITY
GRAVI,GRAVITYJUMP
GRAVI,3DGRAVITYROCKET
GRAVI,GRAVITYWARS
GRAVI,GRAVITYLEO
GRAVI,GRAVISOUND
GRAVI,GRAVITYSPIN
GRAVI,GRAVITYWARSBLACKHOLE
GRAVI,GRAVITYPANDA
HARDRESET,HARDRESETEXTENDEDEDITION
HARDRESET,HARDRESETREDUX
PRESSURE,MARCECKSGETTINGUPCONTENTSUNDERPRESSURE
PRESSURE,PRESSURED
PRESSURE,PRESSUREOVERDRIVE
SIDEWAY,SIDEWAYNEWYORK
THEDREAMMACHINE,THEDREAMMACHINECHAPTER12
THEWHISPEREDWORLD,THEWHISPEREDWORLDSPECIALEDITION
WOLFENSTEIN,WOLFENSTEIN3D
WOLFENSTEIN,RETURNTOCASTLEWOLFENSTEIN
WOLFENSTEIN,WOLFENSTEINTHENEWORDER
WOLFENSTEIN,WOLFENSTEINTHEOLDBLOOD
WOLFENSTEIN,WOLFENSTEINIITHENEWCOLOSSUS
AFTERMATH,PROJECTAFTERMATH
AFTERMATH,OBSCUREIIOBSCURETHEAFTERMATH
AFTERMATH,GHOSTSHIPAFTERMATH
AFTERMATH,UFOAFTERMATH
AFTERMATH,AFTERMATHY2K
AFTERMATH,HONORCRYAFTERMATH
AFTERMATH,2014AFTERMATH
BADRATS,BADRATSTHERATSREVENGE
BADRATS,BADRATSSHOW
RAGNAROK,HEROINESQUESTTHEHERALDOFRAGNAROK
RAGNAROK,BARONWITTARDNEMESISOFRAGNAROK
RAGNAROK,KINGSTABLETHELEGENDOFRAGNAROK
RAGNAROK,FARRAGNAROK
KUNGFURY,KUNGFURYSTREETRAGE
CALLOFDUTYADVANCEDWARFARE,CALLOFDUTYADVANCEDWARFAREGOLDEDITION
LATALE,LATALEEVOLVED
RUSE,THEORPHEUSRUSE
RUSE,CAMPGROUNDSTHEENDORUSEXPEDITIONCOLLECTORSEDITION
RUSE,JOHNLAZARUSEPISODE1DEADMANSORIGIN
STRONGHOLD3,STRONGHOLD3GOLD
RUSE,THEORPHEUSRUSE
RUSE,CAMPGROUNDSTHEENDORUSEXPEDITIONCOLLECTORSEDITION
RUSE,JOHNLAZARUSEPISODE1DEADMANSORIGIN
FREETOPLAY,GOTHAMCITYIMPOSTORSFREETOPLAY
FREETOPLAY,CUPIDAFREETOPLAYVISUALNOVEL
FREETOPLAY,SNIPER3DASSASSINFREETOPLAY
FREETOPLAY,WARMACHINESFREETOPLAY
FREETOPLAY,ROMANSFROMMARSFREETOPLAY
NARUTOSHIPPUDENULTIMATENINJASTORM3FULLBURST,NARUTOSHIPPUDENULTIMATENINJASTORM3FULLBURSTHD
DONTSTARVE,DONTSTARVETOGETHER
BATMANARKHAMCITY,BATMANARKHAMCITYGAMEOFTHEYEAREDITION
MIGHTMAGICHEROESVI,MIGHTMAGICHEROESVII
THEPOLYNOMIAL,THEPOLYNOMIALSPACEOFTHEMUSIC
TWOWORLDSII,TWOWORLDSIIHD
TWOWORLDSII,TWOWORLDSIICASTLEDEFENSE
TWOWORLDSII,TWOWORLDSIIHDCALLOFTHETENEBRAE
MEDIEVALIITOTALWAR,MEDIEVALIITOTALWARKINGDOMS
MECHWARRIORONLINE,MECHWARRIORONLINESOLARIS7
THESHIP,THESHIPMURDERPARTY
THESHIP,TRANSOCEANTHESHIPPINGCOMPANY
THESHIP,THESHIPREMASTED
LIFEISSTRANGE,LIFEISSTRANGEEPISODE1
LIFEISSTRANGE,LIFEISSTRANGE2
LIFEISSTRANGE,LIFEISSTRANGEBEFORETHESTORM
SECTION8,SECTION8PREJUDICE
KNIGHTSOFPENANDPAPER1,KNIGHTSOFPENANDPAPER1EDITION
ECHOES,ECHOESOFAETHERIA
ECHOES,PALEECHOES
ECHOES,TAHIRAECHOESOFTHEASTRALEMPIRE
ECHOES,MEG9LOSTECHOES
ECHOES,ECHOESOFTHEPASTTHEREVENGEOFTHEWITCHCOLLECTORSEDITION
ECHOES,ECHOESOFTHEPASTKINGDOMOFDESPAIRCOLLECTORSEDITION
ECHOES,ECHOESOFTHEFEYTHEFOXSTRAIL
ECHOES,ECHOESOFTHEFEYEPISODE0THEIMMOLATION
ECHOES,DRAGONQUESTXIECHOESOFANELUSIVEAGEDIGITALEDITIONOFLIGHT
ECHOES,ECHOESOFWARTHELASTHEARTBEAT
ECHOES,ECHOESOFTHEFEYTHELASTSACRAMENT
ECHOES,ECHOESWORLD
ECHOES,ECHOESINWHITE
REVERSIONTHEESCAPE,REVERSIONTHEESCAPE1STCHAPTER
XAM,FINALEXAM
XAM,GLORYBYEXAMPLE
XAM,HEXAMON
XAM,NAUGHTYSTUDYFOREXAMSWITHAGHOST
XAM,HENTAIHEXAMOSAIC
XAM,HIDDENSAGAXAMADEONSTONE
LEGOBATMAN2,LEGOBATMAN2DCSUPERHEROES
MAGIC2014,MAGIC2014DUELSOFTHEPLANESWALKERS
GOTHAMCITYIMPOSTORS,GOTHAMCITYIMPOSTORSFREETOPLAY
SONICTHEHEDGEHOG4EPISODEI,SONICTHEHEDGEHOG4EPISODEII
PLANETARYANNIHILATION,PLANETARYANNIHILATIONTITANS
AMONGTHESLEEP,AMONGTHESLEEPENHANCEDEDITION
3DMARK,3DMARK11
SIN,HALFLIFEOPPOSINGFORCE
SIN,SINEPISODESEMERGENCE
SIN,GENESISRISING
SIN,ADVENTRISING
SIN,HITMAN2SILENTASSASSIN
SIN,COMPANYOFHEROESOPPOSINGFRONTS
SIN,OVERLORDRAISINGHELL
SIN,OPERATIONFLASHPOINTDRAGONRISING
SIN,ASSASSINSCREEDDIRECTORSCUTEDITION
SIN,BROTHERSINARMSROADTOHILL30
SIN,BROTHERSINARMSHELLSHIGHWAY
SIN,LUXORAMUNRISING
SIN,VELVETASSASSIN
SIN,BROTHERSINARMSEARNEDINBLOOD
SIN,WARHAMMER40000DAWNOFWARIICHAOSRISING
SIN,THEWITCHER2ASSASSINSOFKINGSENHANCEDEDITION
SIN,COMMANDCONQUERREDALERT3UPRISING
SIN,MADBALLSINBABOINVASION
SIN,DANGEROUSHIGHSCHOOLGIRLSINTROUBLE
SIN,ASSASSINSCREED2DELUXEEDITION
SIN,REDORCHESTRA2HEROESOFSTALINGRADWITHRISINGSTORM
SIN,SINGULARITY
SIN,DEADRISING2
SIN,DEADRISING2OFFTHERECORD
SIN,ASSASSINSCREEDBROTHERHOOD
SIN,CITIESINMOTION
SIN,SINSOFASOLAREMPIRETRINITY
SIN,ASSASSINSCREEDREVELATIONS
SIN,SINSOFASOLAREMPIREREBELLION
SIN,PARTYOFSIN
SIN,THEINCREDIBLEADVENTURESOFVANHELSING
SIN,LUXORAMUNRISINGHD
SIN,NIGHTSINTODREAMS
SIN,CITIESINMOTION2
SIN,METALGEARRISINGREVENGEANCE
SIN,ASSASSINSCREEDIVBLACKFLAG
SIN,THELEGENDOFHEROESTRAILSINTHESKY
SIN,THELEGENDOFHEROESTRAILSINTHESKYSC
SIN,LOVERSINADANGEROUSSPACETIME
SIN,ASSASSINSCREEDLIBERATIONHD
SIN,VALIANTHEARTSTHEGREATWARSOLDATSINCONNUSMMOIRESDELAGRANDEGUERRE
SIN,SHADOWSPRICEFOROURSINSBONUSEDITION
SIN,THEFOURKINGSCASINOANDSLOTS
SIN,GABRIELKNIGHTSINSOFTHEFATHERS20THANNIVERSARYEDITION
SIN,MOEBIUSEMPIRERISING
SIN,DEADRISING3APOCALYPSEEDITION
SIN,HOSTILEWATERSANTAEUSRISING
SIN,LETSSING
SIN,CYPRESSINHERITANCETHEBEGINNING
SIN,MAGESINITIATIONREIGNOFTHEELEMENTS
SIN,THEINCREDIBLEADVENTURESOFVANHELSINGII
SIN,ASSASSINSCREEDFREEDOMCRY
SIN,GARDENSINCFROMRAKESTORICHES
SIN,UPRISING44THESILENTSHADOWS
SIN,FREDDIFISHANDTHECASEOFTHEMISSINGKELPSEEDS
SIN,DEADLYSIN2
SIN,ASSASSINSCREEDUNITY
SIN,OLYMPIARISING
SIN,GEMCRAFTCHASINGSHADOWS
SIN,RENOWNEDEXPLORERSINTERNATIONALSOCIETY
SIN,GARDENSINC2THEROADTOFAME
SIN,HEXCELLSINFINITE
SIN,ASSASSINSCREEDROGUE
SIN,BIRDASSASSIN
SIN,CHAOSINTHEDARKNESS
SIN,QUESTERIUMSINISTERTRINITYHDCOLLECTORSEDITION
SIN,RISINGANGELSREBORN
SIN,REDGODDESSINNERWORLD
SIN,RISINGWORLD
SIN,SINARUN
SIN,NOTCHTHEINNOCENTLUNAECLIPSEDSINNERS
SIN,SINISTERCITY
SIN,PASSINGPINEVIEWFOREST
SIN,CROSSINGSOULS
SIN,SINKINGISLAND
SIN,ENTROPYRISING
SIN,DARKSOULSIISCHOLAROFTHEFIRSTSIN
SIN,CURSEOFTHEASSASSIN
SIN,ANASSASSININORLANDES
SIN,BASINGSTOKE
SIN,TALESOFTHEORIENTTHERISINGSUN
SIN,SINLESSOST
SIN,HISHEROESINTHESKY
SIN,EDENRISINGSUPREMACY
SIN,TOYWARSINVASION
SIN,FRUITSINCDELUXEPACK
SIN,TIMEMYSTERIESINHERITANCEREMASTERED
SIN,ASSASSINSCREEDCHRONICLESCHINA
SIN,ADVENTURESOFBERTRAMFIDDLEEPISODE1ADREADLYBUSINESS
SIN,DEADLYSIN
SIN,SELENONRISING
SIN,ASSASSINSCREEDCHRONICLESRUSSIA
SIN,THEINCREDIBLEADVENTURESOFVANHELSINGIII
SIN,CASINOINC
SIN,STARBOXRPGADVENTURESINSPACE
SIN,CULINAHANDSINTHEKITCHEN
SIN,REDEMPTIONSAINTSANDSINNERS
SIN,VINDICATORUPRISING
SIN,RISINGANGELSHOPE
SIN,CLOSECOMBATPANTHERSINTHEFOG
SIN,ASSASSINSCREEDSYNDICATE
SIN,GREMLINSINC
SIN,MIDNIGHTSBLESSING
SIN,DIVINITYORIGINALSINENHANCEDEDITION
SIN,GALAGANSISLANDREPRYMIANRISING
SIN,SPANDEXFORCECHAMPIONRISING
SIN,STRAYCATCROSSING
SIN,NOVUSINCEPTIO
SIN,TENNISINTHEFACE
SIN,MISSINGTRANSLATION
SIN,LETSSING2016
SIN,BUSINESSTOURBOARDGAMEWITHONLINEMULTIPLAYER
SIN,THEINCREDIBLEADVENTURESOFVANHELSINGFINALCUT
SIN,CRIMINALGIRLSINVITEONLYINVITATION
SIN,SUITSABUSINESSRPG
SIN,SHOWINGTONIGHTMINDHUNTERSINCIDENT
SIN,RISINGSTORM2VIETNAM
SIN,ATSUNDOWNSHOTSINTHEDARK
SIN,ROGUESINGULARITY
SIN,PENDRAGONRISING
SIN,COMIXPLAY1THEENDLESSINCIDENT
SIN,ASSASSINSVSPIRATES
SIN,DEADRISING
SIN,CHASINGDEAD
SIN,ZOMBIEWARSINVASION
SIN,INCREDIBLEDRACULACHASINGLOVECOLLECTORSEDITION
SIN,DIVINITYORIGINALSIN2DEFINITIVEEDITION
SIN,WORLDSOFCHAOSINVASION
SIN,THELEGENDOFHEROESTRAILSINTHESKYTHE3RD
SIN,GROVEVRBROWSINGEXPERIENCE
SIN,RISINGISLANDS
SIN,BLACKWOODCROSSING
SIN,CANDICEDEBBSINCREDIBLYTRICKLIFESTYLE
SIN,MIDNIGHTSBLESSING2
SIN,SINSOFTHEDEMONRPG
SIN,CHUSINGURA461S
SIN,STARSINSHADOW
SIN,UPRISINGJOINORDIE
SIN,SINFULEDEN
SIN,INSINCERE
SIN,RISINGRUNNER
SIN,NITROPLUSBLASTERZHEROINESINFINITEDUEL
SIN,CHICKENASSASSINRELOADED
SIN,STRATEGOSINGLEPLAYER
SIN,THEAMAZINGSHINSENGUMIHEROESINLOVE
SIN,CAPTAINCURVESINTERGALACTICSPACEADVENTURE
SIN,GABRIELKNIGHTSINSOFTHEFATHER
SIN,RISING
SIN,ROBOTSINTHEWILD
SIN,INTERSTELLARLOGISTICSINC
SIN,ELVENASSASSIN
SIN,ASHESOFTHESINGULARITYESCALATION
SIN,GOVENTUREMICROBUSINESS
SIN,UPRISING2LEADANDDESTROY
SIN,SKYNETRISINGPORTALTOTHEPAST
SIN,TACTICSBLUDGEONSBLESSING
SIN,ZOMBOBUSTERRISING
SIN,WHYISTHEPRINCESSINAMAGICFOREST
SIN,GEOLOGYBUSINESS
SIN,SYNTHETIKLEGIONRISING
SIN,DRAGONSSIN
SIN,SUPERHAPPYSINGH
SIN,HOPSTEPSINGKISEKITEKISHININGHQEDITION
SIN,DEADRISING4
SIN,MARSINDUSTRIES
SIN,HAPPYSINGHADVENTURES
SIN,ARMYMENTOYSINSPACE
SIN,ASSASSINATIONBOX
SIN,SINGINGSTONESVR
SIN,SPACEWARSINTERSTELLAREMPIRES
SIN,CELESTIALCROSSING
SIN,OTHERWORLDSINDIA
SIN,SINCASTLE
SIN,ASSASSINSCREEDORIGINS
SIN,HEROESINTHESKYORIGIN
SIN,CASINONOIR
SIN,FRISKYBUSINESS
SIN,UNCOMPROMISINGTRASH
SIN,ITLURKSINTHEWOODS
SIN,CARLOSIIIYLADIFUSINDELAANTIGEDAD
SIN,CHEMCAPERACTIPETTICLESINPERIL
SIN,MOCCASIN
SIN,CHASINGSTYX
SIN,CRISISINTHEKREMLIN
SIN,PERSPECTIVESALEPPOHELSINKI
SIN,SINISTRYSILINIUM
SIN,KINGANDASSASSINS
SIN,SINEMORAEX
SIN,DONTESCAPE4DAYSINAWASTELAND
SIN,THESENIGHTSINCAIRO
SIN,MINDCUBESINSIDETHETWISTEDGRAVITYPUZZLE
SIN,WARHEROESINVASION
SIN,PRETAVENDETTARISING
SIN,ASSASSINATIONCLASSROOMVRBALLOONCHALLENGETIMEVR
SIN,THECLEANSINGVERSUS
SIN,SHADOWSINTHEDARKNESS
SIN,CONSUMMATEMISSINGWORLD
SIN,RICKYRACCOON2ADVENTURESINEGYPT
SIN,TRIALSRISING
SIN,KITTENADVENTURESINCITYPARK
SIN,LIBRAOFTHEVAMPIREPRINCESSLYCORISAOIINTHEPROMISEPLUSIRISINHOMEWORLD
SIN,DARKNESSANDFLAMEMISSINGMEMORIES
SIN,HOPSTEPSINGKISSKISSKISSHQEDITION
SIN,ALIENSINTHEYARD
SIN,LUPUSINFABULA
SIN,STATUSINSANE
SIN,FANTASYMOSAICS16SIXCOLORSINWONDERLAND
SIN,CASINORPG
SIN,ABRAXASINTERACTIVESPUSH
SIN,ONEARTHASITISINHEAVENAKINETICNOVEL
SIN,BEETLEUPRISING
SIN,GAMETENGOKUCRUISINMIXSPECIAL
SIN,STRANGERSINASTRANGELAND
SIN,ZVIRUSVIRMUPRISING
SIN,SINKR
SIN,SIGIAFARTFORMELUSINA
SIN,BUSINESSMAN
SIN,POKERWORLDSINGLEPLAYER
SIN,INTHENAMEOFSIN
SIN,COSMOSINVICTUS
SIN,BUSINESSHOOIZNES
SIN,ASSASSINATIONSTATION
SIN,MONSTERSINHAHAISLAND
SIN,SHOPPEKEEP2BUSINESSANDAGRICULTURERPGSIMULATION
SIN,SINGULARITYROLLER
SIN,BRICKSINTHEBOX
SIN,INFINITYASSASSINVR
SIN,HOPSTEPSINGKIMAMANISUMMERVACATIONHQEDITION
SIN,SINNERSACRIFICEFORREDEMPTION
SIN,INVICTUSINTHESHADOWOFOLYMPUS
SIN,THESURPRISINGADVENTURESOFMUNCHAUSEN
SIN,ALLCOWSIN
SIN,SPACEZOMBIESINVASION
SIN,CRUCIBLETRAILSINITIALRUPTURE
SIN,SOCIALCLUBVRCASINONIGHTS
SIN,DONTSINK
SIN,DARKRISING
SIN,MORGANLIVESINAROCKETHOUSEINVR
SIN,HOPEISIN23
SIN,GAMEMACHINESARCADECASINO
SIN,DEBRISINFINITY
SIN,LINESINFINITE
SIN,LOGISTICALUSAWISCONSIN
SIN,DRAGONSINKER
SIN,SINISTERHALLOWEEN
SIN,CHOICEOFREBELSUPRISING
SIN,ENDLESSINSIDE
SIN,DOWNTOWNCASINOPOKERLEAGUESTEXASHOLDEMPOKERTOURNAMENTS
SIN,SINKORSKIM
SIN,KEYSIN1
SIN,CASINOSLOTMACHINES
SIN,QUEENSTALESSINSOFTHEPASTCOLLECTORSEDITION
SIN,ROYALCASINOVIDEOPOKER
SIN,BUSINESSCLICKER
SIN,DISCOVERYTOURBYASSASSINSCREEDANCIENTEGYPT
SIN,BLOCKHEADSINSTAKILL
SIN,THERISINGOFTHEROSEOCELOT
SIN,MISSINGROAD
SIN,THESEVENDISTRICTSOFSINTHETAILMAKESTHEFOXEPISODE1
SIN,ROBOTICSINVR
SIN,PSYCHONAUTSINTHERHOMBUSOFRUIN
SIN,CASINOPOKER
SIN,CASINOBLACKJACK
SIN,ALIENWORMSINVASION
SIN,STARSINGULARITY
SIN,ASSASSINSCREEDODYSSEY
SIN,SPECTRUBESINFINITY
SIN,7DAYSINDREAM
SIN,WHOSINTHEBOX
SIN,OBJECTSINSPACE
SIN,MARVELLOUSINC
SIN,SCPTHEWILLOFASINGLETALEDEMOVER
SIN,LEGENDARYHEROSINTHETHREEKINGDOMS
SIN,WALLSINDEAD
SIN,ADVENTURESINTHELIGHTDARK
SIN,HIGHSCOREPROCESSINGUNIT
SIN,THEMISSINGJJMACFIELDANDTHEISLANDOFMEMORIES
SIN,ORBLABSINC
SIN,RISINGDUSK
SIN,BOXESINC
SIN,TOTALSINGU
SIN,TRIVIAVAULTBUSINESSTRIVIA
SIN,SCIENCETHEWORLDISINYOURHANDS
SIN,REFORMERSINTLVER
SIN,TOWERDEFENSEREDROSERISING
SIN,CROSSINGMAN
SIN,ALIENSINVADEDOURPLANET
SIN,BUSINESSTYCOONBILLIONAIRE
SIN,CUISINEROYALE
SIN,ABSINTH
SIN,WEREWOLVESHAVENRISING
SIN,CASINOMEGACOLLECTION
SIN,KITRINOSINSIDETHECUBE
SIN,KNIGHTKINGASSASSIN
SIN,ECHOESINWHITE
SIN,PATHOFSINGREED
SIN,THEBALLADSINGER
SIN,STORIESINSTONE
SIN,ASSASSINSCREEDIIIREMASTERED
SIN,DUCKCASINOBULLET
SIN,LEGENDOFASSASSINEGYPT
SIN,JACKISMISSING
SIN,SNIPER3DASSASSINFREETOPLAY
SIN,EDUCATOR2076BASICSINEDUCATION
SIN,HOWTOSINGTOOPENYOURHEART
SIN,HOPSTEPSINGNOZOKANAIDENAKEDHEARTHQEDITION
SIN,TALEOFTHEFRAGMENTEDSTARSINGLEFRAGMENTVERSION
SIN,DIVINEBUSINESSFANTASYTRADINGSIMULATOR
SIN,ROBOBUNNIESINSPACE
SIN,BASSLINESINKER
SIN,BUSINESSMAGNATE
SIN,CLICKTHEBUSINESS
SIN,HENTAICASINO
SIN,LOVECASINOSMOKINGACES
SIN,FUTUREGPXCYBERFORMULASINVIER
SIN,CREATURESINC
SIN,NOCROSSING
SIN,ABUSINESSPOWER
SIN,CELLTOSINGULARITYEVOLUTIONNEVERENDS
SIN,SUPREMECASINOCITY
SIN,SPACECAPTAINMCCALLERYEPISODE2PILGRIMSINPURPLEMOSS
SIN,SHADOWUPRISING
SIN,SINGULARITY5
SIN,FANTASYSINOJAPANESEWAR
SIN,THELORDOFTHERINGSJOURNEYSINMIDDLEEARTH
SIN,FLOWERSINDARK
SIN,SPACERABBITSINSPACE
SIN,BUSINESSMANSDIARYOFDUNGEONVILLAGE
SIN,SCPTHEWILLOFASINGLETALE
SIN,OLIVERSADVENTURESINTHEFAIRYLAND
SIN,COSPUZZLEGIUHELLSING
SIN,SINEWAVE
SIN,BEARSINTANKS
SIN,ZOMBIESINTHEFOREST
SIN,BUGAVIATORSINTHEMEPARK
SIN,THEWALSINGHAMFILESCHAPTER1
SIN,THEJOLLYGANGSMISADVENTURESINAFRICA
SIN,SINSLAYERSTHEFIRSTSIN
SIN,TREASUREMASTERSINCTHELOSTCITY
WASTELAND2,WASTELAND2DIRECTORSCUT
FALLOUT,FALLOUT3
FALLOUT,FALLOUT3GAMEOFTHEYEAREDITION
FALLOUT,FALLOUTNEWVEGAS
FALLOUT,FALLOUTAPOSTNUCLEARROLEPLAYINGGAME
FALLOUT,FALLOUT2APOSTNUCLEARROLEPLAYINGGAME
FALLOUT,FALLOUTTACTICSBROTHERHOODOFSTEEL
FALLOUT,FALLOUT4
FALLOUT,FALLOUTSHELTER
FALLOUT,FALLOUT4VR
FABLEIII,ROGUEFABLEIII
FUSE,REDFUSEROLLINGEXPLOSIVEDEVICE
FUSE,DEFUSERVR
FUSE,FUSEBALLS
FUSE,FUSED
FUSE,ASTORYOFUSEP1FIRSTMEMORIES
MAGICTHEGATHERINGDUELSOFTHEPLANESWALKERS,MAGICTHEGATHERINGDUELSOFTHEPLANESWALKERS2012
MAGICTHEGATHERINGDUELSOFTHEPLANESWALKERS,MAGICTHEGATHERINGDUELSOFTHEPLANESWALKERS2013
AIRMECH,AIRMECHSTRIKE
AIRMECH,AIRMECHCOMMAND
AIRMECH,AIRMECHWASTELANDS
ROMETOTALWAR,ROMETOTALWARCOLLECTION
ROMETOTALWAR,ROMETOTALWARALEXANDER
URIZENSHADOWSOFTHECOLD,URIZENSHADOWSOFTHECOLDDELUXEFROSTYEDITION
OFFWORLDTRADINGCOMPANY,OFFWORLDTRADINGCOMPANYFREEMULTIPLAYER
STRONGHOLDLEGENDS,STRONGHOLDLEGENDSSTEAMEDITION
FINALFANTASYXI,FINALFANTASYXIVONLINE
FINALFANTASYXI,FINALFANTASYXIII
FINALFANTASYXI,FINALFANTASYXIII2
FINALFANTASYXI,LIGHTNINGRETURNSFINALFANTASYXIII
FINALFANTASYXI,FINALFANTASYXIITHEZODIACAGE
SHOVELKNIGHT,SHOVELKNIGHTTREASURETROVE
SHOVELKNIGHT,SHOVELKNIGHTSPECTEROFTORMENT
CHANTELISE,CHANTELISEATALEOFTWOSISTERS
EVOLVE,GEOMETRYWARSRETROEVOLVED
EVOLVE,FRONTMISSIONEVOLVED
EVOLVE,LUXOREVOLVED
EVOLVE,PLAGUEINCEVOLVED
EVOLVE,FORTRESSCRAFTEVOLVED
EVOLVE,GEOMETRYWARS3DIMENSIONSEVOLVED
EVOLVE,REVOLVER360REACTOR
EVOLVE,RADIALGRACINGREVOLVED
EVOLVE,ARKSURVIVALEVOLVED
EVOLVE,REVOLVE
EVOLVE,BLUEREVOLVER
EVOLVE,HIGHNOONREVOLVER
EVOLVE,THECURSEDREVOLVER
EVOLVE,RETHINKEVOLVED
EVOLVE,LATALEEVOLVED
EVOLVE,ORCZEVOLVEVR
EVOLVE,RETHINKEVOLVED2
EUFLORIA,EUFLORIAHD
DIRT,DIRTRALLY
DIRT,DIRTYBOMB
DIRT,DIRT4
DIRT,KINGOFDIRT
DIRT,DIRTYFIGHTER2
DIRT,DIRTYFIGHTER1
DIRT,DIRTRALLY20
DIRT,DIRTBIKEINSANITY
FUEL,FRONTLINESFUELOFWAR
FUEL,HAYWIREONFUELSTATIONZETA
FUEL,FUELRENEGADES
GREYFOX,GREYFOXRPG
SAVIORS,THESAVIORSGANG
SUNBLAST,SUNBLASTSTARFIGHTER
THEFIRSTTEMPLAR,THEFIRSTTEMPLARSTEAMSPECIALEDITION
THEPOLITICALMACHINE,THEPOLITICALMACHINE2016
ZOMBIEDRIVER,ZOMBIEDRIVERHD
DYNASTYWARRIORS8XTREMELEGENDSCOMPLETEEDITION,DYNASTYWARRIORS8XTREMELEGENDSCOMPLETEEDITIONWITH
HYPERDIMENSIONNEPTUNIAREBIRTH1,HYPERDIMENSIONNEPTUNIAREBIRTH1REBIRTH11
HYPERDIMENSIONNEPTUNIAREBIRTH2SISTERSGENERATION,HYPERDIMENSIONNEPTUNIAREBIRTH2SISTERSGENERATIONREBIRTH22
PUZZLEQUEST,PUZZLEQUESTCHALLENGEOFTHEWARLORDS
PUZZLEQUEST,PUZZLEQUESTGALACTRIX
PUZZLEQUEST,MARVELPUZZLEQUEST
PUZZLEQUEST,TESTEXPECTEDBEHAVIOURSCIFI3DPUZZLEQUEST
ASSASSINSCREED,ASSASSINSCREEDDIRECTORSCUTEDITION
ASSASSINSCREED,ASSASSINSCREED2DELUXEEDITION
ASSASSINSCREED,ASSASSINSCREEDBROTHERHOOD
ASSASSINSCREED,ASSASSINSCREEDREVELATIONS
ASSASSINSCREED,ASSASSINSCREEDIVBLACKFLAG
ASSASSINSCREED,ASSASSINSCREEDLIBERATIONHD
ASSASSINSCREED,ASSASSINSCREEDFREEDOMCRY
ASSASSINSCREED,ASSASSINSCREEDUNITY
ASSASSINSCREED,ASSASSINSCREEDROGUE
ASSASSINSCREED,ASSASSINSCREEDCHRONICLESCHINA
ASSASSINSCREED,ASSASSINSCREEDCHRONICLESRUSSIA
ASSASSINSCREED,ASSASSINSCREEDSYNDICATE
ASSASSINSCREED,ASSASSINSCREEDORIGINS
ASSASSINSCREED,DISCOVERYTOURBYASSASSINSCREEDANCIENTEGYPT
ASSASSINSCREED,ASSASSINSCREEDODYSSEY
ASSASSINSCREED,ASSASSINSCREEDIIIREMASTERED
DOMINIONS4,DOMINIONS4THRONESOFASCENSION
FALLOUT2,FALLOUT2APOSTNUCLEARROLEPLAYINGGAME
FALLOUTTACTICS,FALLOUTTACTICSBROTHERHOODOFSTEEL
TRAINSIMULATOR,TRAINSIMULATOR2019
TRAINSIMULATOR,EEPTRAINSIMULATORMISSION
TRAINSIMULATOR,TRAINSIMULATORLONDONSUBWAY
FARMINGSIMULATOR2013,FARMINGSIMULATOR2013TITANIUMEDITION
TUG,VIRTUGO
LANDMARK,DEARESTHERLANDMARKEDITION
ANOTHERWORLD,ANOTHERWORLD20THANNIVERSARYEDITION
ANOTHERWORLD,MOAI2PATHTOANOTHERWORLD
ANOTHERWORLD,YETANOTHERWORLD
ANOTHERWORLD,BRIDGETOANOTHERWORLDBURNTDREAMSCOLLECTORSEDITION
ANOTHERWORLD,BRIDGETOANOTHERWORLDTHEOTHERSCOLLECTORSEDITION
ANOTHERWORLD,ANOTHERWORLDTRUCKDRIVER
ANOTHERWORLD,SURFACERETURNTOANOTHERWORLDCOLLECTORSEDITION
GEMSOFWAR,GEMSOFWARPUZZLERPG
STEALTHINC2,STEALTHINC2AGAMEOFCLONES
GALCON2,GALCON2GALACTICCONQUEST
SECRETOFTHEMAGICCRYSTAL,SECRETOFTHEMAGICCRYSTALS
MAGIC2015,MAGIC2015DUELSOFTHEPLANESWALKERS
VENICE,VENICEDELUXE
VENICE,NANCYDREWTHEPHANTOMOFVENICE
VENICE,CORTOMALTESESECRETSOFVENICE
VENICE,GRIMFACADEMYSTERYOFVENICECOLLECTORSEDITION
VENICE,PAPERSHAKESPEARESTICKMERCHANTOFVENICE
DEADRISING3,DEADRISING3APOCALYPSEEDITION
IL2STURMOVIKCLIFFSOFDOVER,IL2STURMOVIKCLIFFSOFDOVERBLITZEDITION
COMBATARMS,COMBATARMSRELOADED
DIVINITYORIGINALSIN,DIVINITYORIGINALSINENHANCEDEDITION
DIVINITYORIGINALSIN,DIVINITYORIGINALSIN2DEFINITIVEEDITION
HELLDIVERS,HELLDIVERSANEWHELLEDITION
FALLENENCHANTRESS,FALLENENCHANTRESSLEGENDARYHEROES
NETHER,NETHERGATERESURRECTION
NETHER,NETHERRESURRECTED
GAMEMAKERSTUDIO,GAMEMAKERSTUDIO2DESKTOP
GAMEMAKERSTUDIO,GAMEMAKERSTUDIO2WEB
GAMEMAKERSTUDIO,GAMEMAKERSTUDIO2UWP
GAMEMAKERSTUDIO,GAMEMAKERSTUDIO2MOBILE
AVENCAST,AVENCASTRISEOFTHEMAGE
GAUNTLET,GAUNTLETSLAYEREDITION
GAUNTLET,SURVIVORSQUADGAUNTLETS
GAUNTLET,ROLLINGGAUNTLET
GAUNTLET,SHINYGAUNTLET
GAUNTLET,GEARGAUNTLET
GAUNTLET,GAUNTLETOFIRE
GAUNTLET,TRIALSOFTHEGAUNTLET
GAUNTLET,GARRISONGAUNTLET
MARLOWBRIGGS,MARLOWBRIGGSANDTHEMASKOFDEATH
ASSASSINSCREEDLIBERATION,ASSASSINSCREEDLIBERATIONHD
DESTINYWARRIORS,DESTINYWARRIORSRPG
ELDRITCH,ELDRITCHREANIMATED
ELDRITCH,ELDRITCHHUNTER
ELDRITCH,SUNDEREDELDRITCHEDITION
ELDRITCH,ELDRITCHACADEMY
LEGENDOFMYSTERIA,LEGENDOFMYSTERIARPG
LEGIONWOOD2RISEOFTHEETERNALSREALM,LEGIONWOOD2RISEOFTHEETERNALSREALMDIRECTORSCUT
NOTIMETOEXPLAIN,NOTIMETOEXPLAINREMASTERED
QUBE,QUBEDIRECTORSCUT
QUBE,QUBE2
QUBE,QUBES
SHADOWRUNDRAGONFALL,SHADOWRUNDRAGONFALLDIRECTORSCUT
STARTREK,STARTREKONLINE
STARTREK,STARTREK25THANNIVERSARY
STARTREK,STARTREKJUDGMENTRITES
STARTREK,STARTREKSTARFLEETACADEMY
STARTREK,STARTREKSTARFLEETCOMMANDGOLDEDITION
STARTREK,STARTREKBRIDGECREW
STARTREK,STARTREKTIMELINES
STARTREK,STARTREKENTERRITOIREALIEN
TESLAEFFECT,TESLAEFFECTATEXMURPHYADVENTURE
THEFORESTOFDOOM,THEFORESTOFDOOMSTANDALONE
YSI,CRYSIS
YSI,CRYSISWARHEAD
YSI,CRAYONPHYSICSDELUXE
YSI,ELVENLEGACYSIEGE
YSI,CRYSIS2MAXIMUMEDITION
YSI,CONQUESTOFELYSIUM3
YSI,YSIIICHRONICLES
YSI,DUSTANELYSIANTAIL
YSI,DEADLYSIN2
YSI,SUNAGEBATTLEFORELYSIUM
YSI,MININGINDUSTRYSIMULATOR
YSI,DEADLYSIN
YSI,TEAPARTYSIMULATOR2015
YSI,MARCHOFINDUSTRYVERYCAPITALISTFACTORYSIMULATORENTERTAINMENTS
YSI,KUMOONBALLISTICPHYSICSPUZZLE
YSI,CONQUESTOFELYSIUM4
YSI,ELYSIUMBLOODGAMES
YSI,SHAKEYOURMONEYSIMULATOR2016
YSI,PHYSICMONSTER
YSI,FISTOFPHYSICS
YSI,ANYKEYSIMULATOR
YSI,THEFINALDAYSIMSTILLALIVE
YSI,SUPERHAPPYSINGH
YSI,HAPPYSINGHADVENTURES
YSI,THEBUTTERFLYSIGN
YSI,ARMYMENTOYSINSPACE
YSI,THEBUTTERFLYSIGNHUMANERROR
YSI,SCOREAGOALPHYSICALFOOTBALL
YSI,CITYSIEGEFACTIONISLAND
YSI,THEPHYSIOLOGYOFTHEEYE
YSI,PRODUCTIONLINECARFACTORYSIMULATION
YSI,SINISTRYSILINIUM
YSI,DONTESCAPE4DAYSINAWASTELAND
YSI,STRIKEYSISTERS
YSI,LATHESAFETYSIMULATOR
YSI,FLYSIMULATOR
YSI,ENLYSIA
YSI,PARALYSIS
YSI,FATALVELOCITYPHYSICSCOMBAT
YSI,ICARUSSIXSIXTYSIX
YSI,ADIOSAMIGOSASPACEPHYSICSODYSSEY
YSI,PHYSICSN
YSI,JUSTSKIAPHYSICSGAMEBYJEFFWEBER
YSI,RINGOFELYSIUM
YSI,NUKEBABYSITTERSIMULATORKIMEDITION
YSI,KEYSIN1
YSI,SUBWAYSIMULATOR
YSI,FRIO2MEMORYOFMYSISTER
YSI,SCOREAGOAL2PHYSICALFOOTBALL
YSI,7DAYSINDREAM
YSI,THEKINGSREQUESTPHYSIOLOGYANDANATOMYREVISIONGAME
YSI,DEADLYSILENCE
YSI,INNTHECOUNTRYSIDE
YSI,PHYSICALEXORCISMCASE01
YSI,FANTASYSINOJAPANESEWAR
YSI,THELORDOFTHERINGSJOURNEYSINMIDDLEEARTH
YSI,TIMEFLOWTIMEANDMONEYSIMULATOR
YSI,GRANNYSIMULATOR
YSII,YSIIICHRONICLES
CLOSEYOUREYES,CLOSEYOUREYESOLDVERSION
CLOSEYOUREYES,CLOSEYOUREYESANNIVERSARYREMAKE
DISCIPLESIIIRENAISSANCE,DISCIPLESIIIRENAISSANCESTEAMSPECIALEDITION
PINBALLFX2,PINBALLFX2VR
ROCKSMITH2014,ROCKSMITH2014EDITIONREMASTERED
DIVINESOULS,DIVINESOULSF2PMMO
QUESTERIUMSINISTERTRINITYHD,QUESTERIUMSINISTERTRINITYHDCOLLECTORSEDITION
UNITYOFCOMMAND,UNITYOFCOMMANDSTALINGRADCAMPAIGN
LEGENDOFDUNGEON,LEGENDOFDUNGEONMASTERS
HELLYEAH,HELLYEAHWRATHOFTHEDEADRABBIT
RIVEN,RIVENTHESEQUELTOMYST
RIVEN,OVERDRIVENRELOADED
RIVEN,MYSTERYOFRIVENHALLOWS
RIVEN,SAFARIVENTURE
RIVEN,CODE7ASTORYDRIVENHACKINGADVENTURE
RIVEN,TERRORHYTHMTRRTRHYTHMDRIVENACTIONBEATEMUP
RIVEN,AUDIODRIVENEON
RIVEN,DISTRESSACHOICEDRIVENSCIFIADVENTURE
ESTRANGEDACTI,ESTRANGEDACTII
RIP,SHERLOCKHOLMESVERSUSJACKTHERIPPER
RIP,STALKERCALLOFPRIPYAT
RIP,BITTRIPBEAT
RIP,BITTRIPRUNNER
RIP,ASTROTRIPPER
RIP,BITTRIPCORE
RIP,BITTRIPVOID
RIP,BITTRIPFATE
RIP,BITTRIPFLUX
RIP,TRIPLETOWN
RIP,ALIENSHOOTER2CONSCRIPTION
RIP,BITTRIPPRESENTSRUNNER2FUTURELEGENDOFRHYTHMALIEN
RIP,GOGONIPPONMYFIRSTTRIPTOJAPAN
RIP,RIPTIDEGP2
RIP,VOICEOFPRIPYAT
RIP,ROLLERCOASTERTYCOON2TRIPLETHRILLPACK
RIP,PINSTRIPE
RIP,AKIBASTRIPUNDEADUNDRESSED
RIP,TRIPSTEAMEDITION
RIP,AMONGRIPPLES
RIP,LETSEXPLORETHEAIRPORTJUNIORFIELDTRIPS
RIP,LETSEXPLORETHEFARMJUNIORFIELDTRIPS
RIP,LETSEXPLORETHEJUNGLEJUNIORFIELDTRIPS
RIP,DEADISLANDRIPTIDEDEFINITIVEEDITION
RIP,LUCIDTRIPS
RIP,MAYHEMTRIPLE
RIP,GRIPCOMBATRACING
RIP,OVERDOSEDATRIPTOHELL
RIP,COSMICTRIP
RIP,SCRIPTVOXSTUDIO
RIP,RIPTIDEGPRENEGADE
RIP,LEAVEMEALONEATRIPTOHELL
RIP,JALOPYTHEROADTRIPDRIVINGINDIECARGAME
RIP,RESETTESPRESCRIPTIONBOOKOFMEMORYSWAYINGSCALE
RIP,ATRIPTOYUGOSLAVIADIRECTORSCUT
RIP,TRIPTOVINELANDS
RIP,RIPPLEEFFECT
RIP,PIXELRIPPED1989
RIP,GRIPTAPEBACKBONE
RIP,JAGUARIPACECONCEPTVIRTUALREALITYEXPERIENCE
RIP,SPACERIPPER
RIP,RIPPLE
RIP,TRAVELRIDDLESTRIPTOINDIA
RIP,GLITCHSTRIP
RIP,MYSTICJOURNEYTRIPEAKSSOLITAIRE
RIP,RIPTALE
RIP,GORESCRIPT
RIP,VREMEDIESMRIPROCEDUREEXPERIENCE
RIP,TRAVELRIDDLESTRIPTOGREECE
RIP,MERRIPUZZLE
RIP,TRIPLICITY
RIP,TRAVELRIDDLESTRIPTOFRANCE
RIP,TRAVELRIDDLESTRIPTOITALY
RIP,FAIRYLANDMANUSCRIPT
RIP,UNGROUNDEDRIPPLEUNLEASHEDVR
RIP,BADLANDSROADTRIP
RIP,TRIPLEOTAKUSPUZZLE
RIP,TRIPLICATA
RIP,FISHSTRIP
RIP,POSTSCRIPTUM
RIP,SKRIPT
RIP,RIPPEDPANTSATWORK
RIP,INFINITYTRIP
RIP,AUSTRALIANTRIP
RIP,LONELYTRIP
RIP,GRIPPERSADVENTURE
RIP,SHORTESTTRIPTOEARTH
RIP,TETRIPANK
RIP,MYZEROTRIP
RIP,GARDENERTHERIPPER
RIP,TRIPPYJUMP
RIP,THEROADTRIP
RIP,TRIPTRIP
RIP,GARAGEBADTRIP
RIP,MYRUSSIANTRIP
RIP,SPACERIPPERPLASTILINE
RIP,FLATTRIP
RIP,TRIPINHELL
RIP,STRIPBREAKERHENTAIGIRLS
RIP,HENTAISTRIPSHOT
RIP,TRIP
RIP,TRIPTROUPEMIXERSTREAMHOSTAPP
RIP,BLACKJACKOFSTRIP
RIP,CANTRIPCAFE
TERRORHEDRON,TERRORHEDRONTOWERDEFENSE
DISNEYINFINITY20,DISNEYINFINITY20GOLDEDITION
SCRIBBLENAUTSUNMASKED,SCRIBBLENAUTSUNMASKEDADCCOMICSADVENTURE
ARES,ARESEXTINCTIONAGENDA
ARES,AGARESTGENERATIONSOFWAR
ARES,NEVERENDINGNIGHTMARES
ARES,NIGHTMARESFROMTHEDEEPTHECURSEDHEART
ARES,AGARESTGENERATIONSOFWARZERO
ARES,NIGHTMARESFROMTHEDEEP2THESIRENSCALL
ARES,NIGHTMARESFROMTHEDEEP3DAVYJONES
ARES,AGARESTGENERATIONSOFWAR2
ARES,ARESEXTINCTIONAGENDAEX
ARES,DREAMSCAPESNIGHTMARESHEIRPREMIUMEDITION
ARES,GARESAPPHIREMECHS
ARES,MYSTERIESNIGHTMARESMORGIANA
ARES,MINDSNARESALICESJOURNEY
ARES,HOUSEOFNIGHTMARESBMOVIEEDITION
ARES,DUNGEONNIGHTMARESIITHEMEMORY
ARES,ARESOMEGA
ARES,GANBARESUPERSTRIKERS
ARES,LITTLENIGHTMARES
ARES,SQUARESROUTE
ARES,ARKHAMNIGHTMARES
ARES,DEARESTHERLANDMARKEDITION
ARES,LEGENDOFARES
ARES,DESTINATIONARES
ARES,WEARESTARS
ARES,MASHARESCUESGRANDMA
ARES,WAKINGTHEGLARESCHAPTERSIANDII
ARES,DIMARESCUESIRA
ARES,DRCARESPETRESCUE911
ARES,BATTLESQUARES
ARES,FEAROFNIGHTMARESMADNESSDESCENT
ARES,SHINEGHASNIGHTMARES
ARES,RECORDOFAGARESTWARMARIAGEMARIAGE
ARES,SNARESOFRUIN
ARES,DESTRUCKTORSWARFARESHOWDOWN
ARES,SQUARES
ARES,DRCARESAMYSPETCLINIC
ARES,NIGHTMARESIMULATOR
ARES,PROJECTNIGHTMARESCASE36HENRIETTAKEDWARD
ARES,MARYSKELTERNIGHTMARES
ARES,PAPERSHAKESPEARESTICKMERCHANTOFVENICE
ARES,RICHYSNIGHTMARES
ARES,CHEFARESTAURANTTYCOONGAME
ARES,NIGHTMARESIMULATOR
ARES,SUPAPLEXSQUARES
ARES,CHROMASQUARES
ARES,DARESORATEARSFORANUNKNOWNSKY
ARES,NEARESCAPE
ARES,SQUARESPUZZLE
ARES,DRCARESFAMILYPRACTICE
ARES,SNARESOFRUINZERO
ARES,VRHEALTHCARESHOULDERJOINTEXERCISEAPPLEGROVEPICKINGGAMES
ARES,BLANKETHEAVYWITHNIGHTMARES
GRIMM,LETTERQUESTGRIMMSJOURNEYREMASTERED
GRIMM,RWBYGRIMMECLIPSE
GRIMM,GRIMMDARKLEGACY
GRIMM,DARKGRIMMARIUPOLIS
GRIMM,GRIMMYSTERYOFWASULES
GRIMM,GRIMMWOODTHEYCOMEATNIGHT
GRIMM,GRIMMTONIC
GODUS,GODUSWARS
LILICHILDOFGEOS,LILICHILDOFGEOSCOMPLETEEDITION
VICTORVRAN,VICTORVRANARPG
DEFENDERSQUESTVALLEYOFTHEFORGOTTEN,DEFENDERSQUESTVALLEYOFTHEFORGOTTENDXEDITION
COIL,KAMIORECOIL
COIL,TIMERECOIL
COIL,RCOIL
COIL,HEAVYRECOIL
REALMYST,REALMYSTMASTERPIECEEDITION
UNREALTOURNAMENT2004,UNREALTOURNAMENT2004EDITORSCHOICEEDITION
REVERSIONTHEMEETING,REVERSIONTHEMEETING2NDCHAPTER
MYSTV,MYSTVENDOFAGES
TROPICO,TROPICO3
TROPICO,TROPICORELOADED
TROPICO,TROPICO4
TROPICO,TROPICO5
TROPICO,TROPICO6
KINGDOM,MEDIEVALIITOTALWARKINGDOMS
KINGDOM,PUZZLEKINGDOMS
KINGDOM,CRUSADERSTHYKINGDOMCOME
KINGDOM,STRONGHOLDKINGDOMS
KINGDOM,KINGDOMSOFAMALURRECKONING
KINGDOM,CLOUDBERRYKINGDOM
KINGDOM,KINGDOMRUSH
KINGDOM,KINGDOMSRISE
KINGDOM,SHADOWSHERETICKINGDOMS
KINGDOM,HEROOFTHEKINGDOM
KINGDOM,AURAKINGDOM
KINGDOM,KINGDOMTALES
KINGDOM,KULTHERETICKINGDOMS
KINGDOM,KINGDOMELEMENTAL
KINGDOM,KINGDOMTALES2
KINGDOM,ESCAPETHELOSTKINGDOMTHEFORGOTTENPHARAOH
KINGDOM,TOTALWARBATTLESKINGDOM
KINGDOM,THECOUNTINGKINGDOM
KINGDOM,DUNGEONKINGDOMSIGNOFTHEMOON
KINGDOM,SEVENKINGDOMS2HD
KINGDOM,HEROOFTHEKINGDOMII
KINGDOM,ROMANCEOFTHETHREEKINGDOMSXIII13
KINGDOM,ROGUSKINGDOMOFTHELOSTSOULS
KINGDOM,SHINESSTHELIGHTNINGKINGDOM
KINGDOM,KINGDOMCLASSIC
KINGDOM,KINGDOMCOMEDELIVERANCE
KINGDOM,SHADOWOFKINGDOMS
KINGDOM,ROMANCEOFTHETHREEKINGDOMSMAKER
KINGDOM,FLATKINGDOMPAPERSCUTEDITION
KINGDOM,KINGDOMS
KINGDOM,DOODLEKINGDOM
KINGDOM,GLORYKINGDOM
KINGDOM,THELOSTHEIR2FORGINGAKINGDOM
KINGDOM,SEVENKINGDOMSANCIENTADVERSARIES
KINGDOM,KINGDOMRUSHFRONTIERS
KINGDOM,POCKETKINGDOM
KINGDOM,FANTASYKINGDOMSIMULATOR
KINGDOM,KINGDOMNEWLANDS
KINGDOM,DESTINYOFANCIENTKINGDOMS
KINGDOM,ECHOESOFTHEPASTKINGDOMOFDESPAIRCOLLECTORSEDITION
KINGDOM,ROMANCEOFTHETHREEKINGDOMS
KINGDOM,ROMANCEOFTHETHREEKINGDOMS
KINGDOM,ROMANCEOFTHETHREEKINGDOMS
KINGDOM,ROMANCEOFTHETHREEKINGDOMSWITHPOWERUPKITWITH
KINGDOM,ROMANCEOFTHETHREEKINGDOMSWITHPOWERUPKITWITH
KINGDOM,CANDYKINGDOMVR
KINGDOM,SURVIVALKINGDOM
KINGDOM,LOSTGRIMOIRESSTOLENKINGDOM
KINGDOM,DRAGONKINGDOMWAR
KINGDOM,REDSKINGDOM
KINGDOM,KINGDOMOFAURELIAMYSTERYOFTHEPOISONEDDAGGER
KINGDOM,LITTLEKINGDOM2
KINGDOM,STARKINGDOMTHEELEMENTS
KINGDOM,DOOMEDKINGDOMS
KINGDOM,WITCHOFICEKINGDOM
KINGDOM,KINGDOMSANDCASTLES
KINGDOM,THESECRETORDER5THEBURIEDKINGDOM
KINGDOM,THREEKINGDOMSTHELASTWARLORD
KINGDOM,DARKPARABLESJACKANDTHESKYKINGDOMCOLLECTORSEDITION
KINGDOM,EMPERORKINGDOM
KINGDOM,NINOKUNIIIREVENANTKINGDOM
KINGDOM,GABENKINGDOM
KINGDOM,ATALEOFTWOKINGDOMS
KINGDOM,ROMANCEOFTHETHREEKINGDOMSVIWITHPOWERUPKITVIWITH
KINGDOM,ROMANCEOFTHETHREEKINGDOMSVIIWITHPOWERUPKITVIIWITH
KINGDOM,ROMANCEOFTHETHREEKINGDOMSVIIIWITHPOWERUPKITVIIIWITH
KINGDOM,ROMANCEOFTHETHREEKINGDOMSIXWITHPOWERUPKITIXWITH
KINGDOM,ROMANCEOFTHETHREEKINGDOMSXWITHPOWERUPKITXWITH
KINGDOM,ROMANCEOFTHETHREEKINGDOMS11WITHPOWERUPKIT11WITH
KINGDOM,ROMANCEOFTHETHREEKINGDOMS12WITHPOWERUPKIT12WITH
KINGDOM,ANEWWORLDKINGDOMS
KINGDOM,EGYPTOLDKINGDOM
KINGDOM,DEFENDYOURKINGDOM
KINGDOM,ABITCROSSERTHREEKINGDOMS
KINGDOM,KINGDOMSOFMARAZIA
KINGDOM,KINGDOMCITYDROWNINGEPISODE1THECHAMPION
KINGDOM,KINGDOMWATCHER
KINGDOM,KINGDOMOFTHEDRAGON
KINGDOM,AWAKENINGTHEGOBLINKINGDOMCOLLECTORSEDITION
KINGDOM,KINGDOMTHEFARREACHES
KINGDOM,KINGDOMTWOCROWNS
KINGDOM,FALLENKINGDOM
KINGDOM,NOKINGNOKINGDOM
KINGDOM,THREEKINGDOMSVRJADEKNIGHTVR
KINGDOM,CHRONICLESOFMAGICDIVIDEDKINGDOMS
KINGDOM,KINGDOMDEFENSE
KINGDOM,DARKSTROKESTHELEGENDOFTHESNOWKINGDOMCOLLECTORSEDITION
KINGDOM,SNOWWHITESOLITAIRECHARMEDKINGDOM
KINGDOM,KINGDOMOFBLADES
KINGDOM,HEROOFTHEKINGDOMIII
KINGDOM,ANIMALSMEMORYUNDERWATERKINGDOM
KINGDOM,EXILEDKINGDOMS
KINGDOM,LORDSOFKINGDOMS
KINGDOM,KINGDOMCLICKER
KINGDOM,KINGDOMRUSHORIGINS
KINGDOM,SOULSMITHOFTHEKINGDOM
KINGDOM,CHRONICLESOFMYSTERYSECRETOFTHELOSTKINGDOM
KINGDOM,FATEDKINGDOM
KINGDOM,COINOPKINGDOM
KINGDOM,LEGENDARYHEROSINTHETHREEKINGDOMS
KINGDOM,SLIMEKINGDOM
KINGDOM,RIDDLESOFTHEOWLSKINGDOM
KINGDOM,GUSTAVOKINGDOMREBIRTH
KINGDOM,THREEKINGDOMSLEGENDSOFHEROES
KINGDOM,THREEKINGDOMS20192019
KINGDOM,IDLEKINGDOMBUILDER
KINGDOM,CHESSBOARDKINGDOMS
KINGDOM,LEGACYOFLUNATICKINGDOM
KINGDOM,TOWNSMENAKINGDOMREBUILT
KINGDOM,NOKINGNOKINGDOMVR
KINGDOM,2019THREEKINGDOMS2019
KINGDOM,HEARTOFTHEKINGDOMREBELLION
KINGDOM,INTELLIGENCEUNDERWATERKINGDOM
KINGDOM,SAVETHINEKINGDOM
KINGDOM,GEMSKINGDOM
KINGDOM,SKYWORLDKINGDOMBRAWL
KINGDOM,THREEKINGDOMSANCIENTBATTLEFIELD
KINGDOM,THEFARKINGDOMSAGEOFSOLITAIRE
KINGDOM,WAROFTHREEKINGDOMS
KINGDOM,THEFARKINGDOMSELEMENTS
KINGDOM,ANCIENTWARTHREEKINGDOMS
KINGDOM,SURVIVALINTHREEKINGDOMS
KINGDOM,DEADLYKINGDOM
KINGDOM,THETHREEKINGDOMSOFCHINA
KINGDOM,THEFARKINGDOMSAWAKENINGSOLITAIRE
KINGDOM,THEFARKINGDOMSWINTERSOLITAIRE
KINGDOM,THEFARKINGDOMSSACREDGROVESOLITAIRE
KINGDOM,PROLOGUEFORAVACANTKINGDOM
NOMNOMGALAXY,PIXELJUNKNOMNOMGALAXY
FINNANDJAKESEPICQUEST,ADVENTURETIMEFINNANDJAKESEPICQUEST
SORCERERKING,SORCERERKINGRIVALS
INTERPLANETARY,INTERPLANETARYENHANCEDEDITION
INTERPLANETARY,INTERPLANETARYHUNTER
SHADOWRUNHONGKONG,SHADOWRUNHONGKONGEXTENDEDEDITION
SINEMORA,SINEMORAEX
NEIGHBOURSFROMHELL,NEIGHBOURSFROMHELLCOMPILATION
ACTOFAGGRESSION,ACTOFAGGRESSIONREBOOTEDITION
POOLNATIONFX,POOLNATIONFXLITE
CLICKR,CLICKRAID
REALWARFARE,REALWARFARE1242
REALWARFARE,REALWARFARE2NORTHERNCRUSADES
XIIICENTURY,XIIICENTURYGOLDEDITION
DEADORALIVE5LASTROUND,DEADORALIVE5LASTROUNDCOREFIGHTERS
SAW,DRAGONAGEORIGINSAWAKENING
SAW,CHAINSAWWARRIOR
SAW,AARUSAWAKENING
SAW,CHAINSAWWARRIORLORDSOFTHENIGHT
SAW,1953NATOVSWARSAWPACT
SAW,ITSAWIPE
SAW,DECISIVECAMPAIGNSTHEBLITZKRIEGFROMWARSAWTOPARIS
SAW,CHRISSAWYERSLOCOMOTION
SAW,HOLYPOTATOESAWEAPONSHOP
SAW,MASSIVECLEAVAGEVSZOMBIESAWESOMEEDITION
SAW,EMILYISAWAY
SAW,ALCHEMISTSAWAKENING
SAW,THEPREPOSTEROUSAWESOMENESSOFEVERYTHING
SAW,DESTINYSPRINCESSAWARSTORYALOVESTORY
SAW,TOMOYOAFTERITSAWONDERFULLIFEENGLISHEDITION
SAW,KITTYCATJIGSAWPUZZLES
SAW,SABERSAWVR
SAW,CONFLICTOFHEROESAWAKENINGTHEBEAR
SAW,DUCKLESTHEJIGSAWWITCH
SAW,BEAUTIFULJAPANESESCENERYANIMATEDJIGSAWS
SAW,EMILYISAWAYTOO
SAW,WILDANIMALSANIMATEDJIGSAWS
SAW,ALWASAWAKENING
SAW,THEJIGSAWPUZZLEROOM
SAW,SHADOWSAWAKENING
SAW,PASSENGERSAWAKENINGVREXPERIENCE
SAW,JAPANESEWOMENANIMATEDJIGSAWS
SAW,MRRABBITSJIGSAWPUZZLE
SAW,TRIALSOFTHEILLUMINATICITYSCAPEANIMATEDJIGSAWS
SAW,JIGSAWPUZZLES
SAW,TRIALSOFTHEILLUMINATIANIMATEDSEACREATURESJIGSAWS
SAW,TRIALSOFTHEILLUMINATIANIMATEDCHRISTMASTIMEJIGSAWS
SAW,TRIALSOFTHEILLUMINATIAMAZINGWILDLIFEJIGSAWS
SAW,HALLOWEENJIGSAWPUZZLES
SAW,JIGSAWMANIA
SAW,LOGISTICALUSAWISCONSIN
SAW,SAWKOBAN
SAW,TRIALSOFTHEILLUMINATIASSORTEDJIGSAWS
SAW,TRIALSOFTHEILLUMINATIWOMENOFBEAUTYJIGSAWS
SAW,MOEJIGSAW
SAW,SUPERJIGSAWPUZZLE
SAW,STORMOFJIGSAWPUZZLES
SAW,RABBITJIGSAWPUZZLES
SAW,JIGSAW360
SAW,WARLORDSAWAKENING
SAW,TRIALSOFTHEILLUMINATISNACKTIMEJIGSAWPUZZLES
SAW,SUDOKUJIGSAW
SAW,EROTICJIGSAWCHALLENGEVOL1
SAW,CASTLEJIGSAWPUZZLES
SAW,SUPERJIGSAWPUZZLECITIES
SAW,PARISJIGSAWPUZZLES
SAW,DIGITALJIGSAWPUZZLE
SAW,SUPERJIGSAWPUZZLEMONUMENTS
SAW,CABINSJIGSAWPUZZLES
SAW,LOVECHRONICLESAWINTERSSPELLCOLLECTORSEDITION
SAW,EROTICJIGSAWCHALLENGEVOL2
SAW,SEXYJIGSAWSEXYPUZZLE
SAW,SUPERJIGSAWPUZZLESPACE
SAW,DARKFANTASYJIGSAWPUZZLE
SAW,SAIASAWAKENINGAROBOTHORIUMVISUALNOVEL
SAW,1001JIGSAWHOMESWEETHOME
SAW,1001JIGSAWWORLDTOURGREATAMERICA
SAW,JIGSAWMASTERPIECES
SAW,MAKEAJIGSAWPUZZLE
SAW,THEFARKINGDOMSAWAKENINGSOLITAIRE
SAW,SUPERJIGSAWPUZZLEGENERATIONS
DARKAGES,STRATEGYTACTICSDARKAGES
DUKENUKEM,DUKENUKEMFOREVER
DUKENUKEM,DUKENUKEM3D20THANNIVERSARYWORLDTOUR
DUKENUKEM3D,DUKENUKEM3D20THANNIVERSARYWORLDTOUR
FORTHEGLORY,FORTHEGLORYAEUROPAUNIVERSALISGAME
PHARAOHSTOMB,LOSTLEGENDSTHEPHARAOHSTOMB
SHADOWWARRIORCLASSIC,SHADOWWARRIORCLASSICREDUX
INFERNAL,INFERNALRACKET
INFERNAL,INFERNALES
INFERNAL,INFERNALESCIRCLESOFHELL
INFERNAL,INDIANAJONESANDTHEINFERNALMACHINE
MAGICALDIARY,MAGICALDIARYHORSEHALL
ALLZOMBIESMUSTDIE,ALLZOMBIESMUSTDIESCOREPOCALYPSE
THE7THGUEST,THE7THGUEST25THANNIVERSARYEDITION
HEROESOFSOULCRAFT,HEROESOFSOULCRAFTARCADEMOBA
BUILDALOT4,BUILDALOT4POWERSOURCE
BUILDALOT2,BUILDALOT2TOWNOFTHEYEAR
BUILDALOT3,BUILDALOT3PASSPORTTOEUROPE
DEFENDYOURLIFE,DEFENDYOURLIFETD
CRYSIS2,CRYSIS2MAXIMUMEDITION
BATMANARKHAMASYLUM,BATMANARKHAMASYLUMGAMEOFTHEYEAREDITION
AGEOFFEAR2THECHAOSLORD,AGEOFFEAR2THECHAOSLORDGOLD
CHROME,NEONCHROME
DEATHRAYMANTA,DEATHRAYMANTASE
TRACKMANIAUNITED,TRACKMANIAUNITEDFOREVERSTAREDITION
BLACKSAILS,BLACKSAILSTHEGHOSTSHIP
WESTWARD,WESTWARDIVALLABOARD
TRADEWINDSCARAVANS,TRADEWINDSCARAVANSODYSSEYPACK
WESTWARDIV,WESTWARDIVALLABOARD
SUPERCOMBOMAN,SUPERCOMBOMANSMASHEDITION
HOWTOSURVIVETHIRDPERSON,HOWTOSURVIVETHIRDPERSONSTANDALONE
NYXQUEST,NYXQUESTKINDREDSPIRITS
LEVEL22,LEVEL22GARYSMISADVENTURE2016EDITION
ONIKEN,ONIKENUNSTOPPABLEEDITION
KAPTAINBRAWE,KAPTAINBRAWEABRAWENEWWORLD
CITIESXL,CITIESXLPLATINUM
YOUDONTKNOWJACK,YOUDONTKNOWJACKVOL1XL
YOUDONTKNOWJACK,YOUDONTKNOWJACKVOL2
YOUDONTKNOWJACK,YOUDONTKNOWJACKVOL3
YOUDONTKNOWJACK,YOUDONTKNOWJACKVOL4THERIDE
YOUDONTKNOWJACK,YOUDONTKNOWJACKMOVIES
YOUDONTKNOWJACK,YOUDONTKNOWJACKSPORTS
YOUDONTKNOWJACK,YOUDONTKNOWJACKTELEVISION
YOUDONTKNOWJACK,YOUDONTKNOWJACKHEADRUSH
YOUDONTKNOWJACK,YOUDONTKNOWJACKVOL6THELOSTGOLD
DRAGONQUESTHEROES,DRAGONQUESTHEROESSLIMEEDITION
DRAGONQUESTHEROES,DRAGONQUESTHEROESII
ENTROPY,KELREAPEROFENTROPY
ENTROPY,ENTROPYRISING
ENTROPY,ENTROPY2120
WRC5,WRC5FIAWORLDRALLYCHAMPIONSHIP
LIFELESSPLANET,LIFELESSPLANETPREMIEREDITION
BEYONDSPACE,BEYONDSPACEREMASTEREDEDITION
ANCIENTPLANET,ANCIENTPLANETTOWERDEFENSE
CRAZYCHICKENTALES,MOORHUHNCRAZYCHICKENTALES
OMSI2,OMSI2STEAMEDITION
GENEFORGE5,GENEFORGE5OVERTHROW
GENEFORGE4,GENEFORGE4REBELLION
LIFEOFPIXEL,SUPERLIFEOFPIXEL
ARCADIA,GUNMETALARCADIA
ARCADIA,GUNMETALARCADIAZERO
ARCADIA,SECRETSOFARCADIA
ARCADIA,LEGENDSOFTALIAARCADIA
AXEL,AXELPIXEL
AXEL,AXELAIRXENODAWN
AXEL,STAXEL
AXEL,HEADERGOALVRBEINGAXELRIX
AXEL,LAAVENTURADEAXEL
VECTOR,VECTORTHRUST
VECTOR,STRIKEVECTOR
VECTOR,TRACEVECTOR
VECTOR,VECTOR36
VECTOR,MASSVECTOR
VECTOR,VECTORSTRAIN
VECTOR,VECTORASSAULT
VECTOR,STRIKEVECTOREX
VECTOR,SPRINTVECTOR
VECTOR,VECTORWARSVR
VECTOR,NULLVECTOR
VECTOR,VECTORWAVE
VECTOR,IMPROMPTUVECTORFIELDPAINTER
VECTOR,VIOLENTVECTORS
VECTOR,VECTORIUM
VECTOR,VECTORVELOCITY
VECTOR,VECTORSADVENTURES
VECTOR,VECTORBORN
VECTOR,INFINITEVECTOR
VECTOR,HARDLIGHTVECTOR
VECTOR,PARADOXVECTOR
VIOLETT,VIOLETTREMASTERED
ASHESOFTHESINGULARITY,ASHESOFTHESINGULARITYESCALATION
BREACHCLEARDEADLINE,BREACHCLEARDEADLINEREBIRTH2016
SILENTSTORM,SILENTSTORMGOLDEDITION
LETTERQUESTGRIMMSJOURNEY,LETTERQUESTGRIMMSJOURNEYREMASTERED
CARIBBEAN,DISNEYPIRATESOFTHECARIBBEANATWORLDSEND
CARIBBEAN,LEGOPIRATESOFTHECARIBBEANTHEVIDEOGAME
CARIBBEAN,BLOODANDGOLDCARIBBEAN
CARIBBEAN,CARIBBEANODYSSEY
CARIBBEAN,THEPIRATECARIBBEANHUNT
CARIBBEAN,THECARIBBEANSAIL
CARIBBEAN,SEADOGSCARIBBEANTALES
CARIBBEAN,LOGISTICALCARIBBEAN
CARIBBEAN,PIRATEMOSAICPUZZLECARIBBEANTREASURES
LEGOINDIANAJONES2,LEGOINDIANAJONES2THEADVENTURECONTINUES
LUMINES,LUMINESCENCE
LUMINES,LUMINESREMASTERED
FOOTBALLTACTICS,FOOTBALLTACTICSGLORY
MICROSOFTFLIGHT,MICROSOFTFLIGHTSIMULATORXSTEAMEDITION
NANCYDREWSECRETSCANKILL,NANCYDREWSECRETSCANKILLREMASTERED
ASTROLORDS,ASTROLORDSOORTCLOUD
ADVENTUREPARK,KITTENANDFOODADVENTUREPARK
IAMVEGEND,IAMVEGENDZOMBIEGEDDON
INTOTHEDARK,INTOTHEDARKULTIMATETRASHEDITION
VENETICA,VENETICAGOLDEDITION
IMPOSSIBLECREATURES,IMPOSSIBLECREATURESSTEAMEDITION
MONOPOLY,MONOPOLYPLUS
OHSIR,OHSIRPROTOTYPE
OHSIR,OHSIRTHEINSULTSIMULATOR
OHSIR,OHSIRTHEHOLLYWOODROAST
THATOLDTIMERELIGION,DEADLANDSNOIRTHATOLDTIMERELIGION
ROLLERCOASTERTYCOON,ROLLERCOASTERTYCOONWORLD
ROLLERCOASTERTYCOON,ROLLERCOASTERTYCOONDELUXE
ROLLERCOASTERTYCOON,ROLLERCOASTERTYCOON2TRIPLETHRILLPACK
ROLLERCOASTERTYCOON,ROLLERCOASTERTYCOONCLASSIC
SKIREGIONSIMULATOR,SKIREGIONSIMULATORGOLDEDITION
LEOSFORTUNE,LEOSFORTUNEHDEDITION
JETRACINGEXTREME,JETRACINGEXTREMETHEFIRSTENCOUNTER
CASTOFTHESEVENGODSENDS,CASTOFTHESEVENGODSENDSREDUX
VOX,MORPHVOXPROVOICECHANGER
VOX,VOXMACHINAE
VOX,VOXELIZED
VOX,VOXPOPULIVOXDEI2
VOX,GEOVOX
VOX,VOLVOX
VOX,VOXELBLAST
VOX,VOXELTURF
VOX,SCRIPTVOXSTUDIO
VOX,VOXELWARFAREONLINE
VOX,VOXVR
VOX,PEAKVOXESCAPEVIRUSHD
VOX,PEAKVOXMEWMEWCHAMBERFORSTEAM
VOX,PEAKVOXROUTECANDLEFORSTEAM
VOX,VOXELSHOTVR
VOX,VOXELINTERCEPTOR
VOX,VOXELAXY
VOX,VOXELTANKVR
VOX,VOXELBALLER
VOX,VOXELTANKS
VOX,VOXELRACE
VOX,VOXELDRIVERS
STRIFEVETERANEDITION,THEORIGINALSTRIFEVETERANEDITION
ARSENALOFDEMOCRACY,ARSENALOFDEMOCRACYAHEARTSOFIRONGAME
KARMAFLOWTHEROCKOPERAVIDEOGAME,KARMAFLOWTHEROCKOPERAVIDEOGAMEACTIACTII
SUBJECT9,TESTSUBJECT901
DEADSTATE,DEADSTATEREANIMATED
HYPERDIMENSIONNEPTUNIAREBIRTH3VGENERATION,HYPERDIMENSIONNEPTUNIAREBIRTH3VGENERATIONREBIRTH3VCENTURY3
SPACERANGERS,SPACERANGERSHDAWARAPART
SPACERANGERS,SPACERANGERSQUEST
CHILDRENOFTHENILE,CHILDRENOFTHENILEENHANCEDEDITION
CHILDRENOFTHENILE,CHILDRENOFTHENILEALEXANDRIA
GLARE,WAKINGTHEGLARESCHAPTERSIANDII
GLARE,GLARE1MORE
REVERSI,REVERSIONTHEESCAPE1STCHAPTER
REVERSI,REVERSIONTHEMEETING2NDCHAPTER
RESCUE2,RESCUE2EVERYDAYHEROES
RESCUE2,DUSTOFFHELIRESCUE2
STICKRPG2,STICKRPG2DIRECTORSCUT
SHOWTIME,SHOWTIME2073
OPERATIONZ,SOLDIEROFFAILUREOPERATIONZOMBIE
GUARDIANSOFORION,GUARDIANSOFORIONPHASE1
ALUM,DURALUMINWIND
PIRATESGOLDPLUSCLASSIC,SIDMEIERSPIRATESGOLDPLUSCLASSIC
DUST,FROMDUST
DUST,DUSTANELYSIANTAIL
DUST,DUSTYREVENGECOOPEDITION
DUST,INDUSTRYGIANT2
DUST,INDUSTRYEMPIRE
DUST,MININGINDUSTRYSIMULATOR
DUST,STARDUSTVANGUARDS
DUST,DUSTOFFHELIRESCUE
DUST,DUSTBOWL
DUST,ALLISDUST
DUST,MARCHOFINDUSTRYVERYCAPITALISTFACTORYSIMULATORENTERTAINMENTS
DUST,INDUSTRYTRANSPORTERS
DUST,INDUSTRYMANAGERFUTURETECHNOLOGIES
DUST,STARDUSTGALAXYWARRIORSSTELLARCLIMAX
DUST,CROPDUSTERSUPREME
DUST,COSMICDUSTRUST
DUST,ANGELDUST
DUST,INDUSTRYGIANT
DUST,THEMELODYOFDUST
DUST,MARSINDUSTRIES
DUST,DUSTOFFHELIRESCUE2
DUST,STARDUSTTHEBOOKOFEARTHVR
DUST,DUSTWIND
DUST,RISEOFINDUSTRY
DUST,DUSTANDSALT
DUST,INDUSTRIALVRHOOVERDAM
DUST,ELEMENTINDUSTRY
DUST,CLUSTERDUST
DUST,DEADDUST
DUST,STARDUSTVR
DUST,ACHIEVEMENTLURKERANOTHERONEBITESTHEDUST
DUST,DUSTNWHEELS
DUST,DUSTANDSALTTHEBATTLEFORMURK
DUST,PLANETARYDUSTOFF
DUST,OLIGOPOLYINDUSTRIALREVOLUTION
DUST,FASTDUST
DUST,WARDUST32VS32BATTLES
DUST,DUSTUP
DUST,DUSTONWHEELS
SUBLEVELZERO,SUBLEVELZEROREDUX
BREACH,BREACHCLEAR
BREACH,BREACHCLEARDEADLINEREBIRTH2016
BREACH,DAUGHTEROFSHADOWSANSCPBREACHEVENT
BREACH,BREACHED
BREACH,CELESTIALBREACH
BREACH,DEUSEXBREACH
BREACH,INTOTHEBREACH
BREACH,BREACHIT
BREACH,BREACHOFCONTRACTONLINE
BREACH,CARGOBREACH
BREACH,SEACURITYBREACH
BREACH,BREACHERSTORY
BREACH,THESECRETORDER7SHADOWBREACH
STARWARSXWINGVSTIEFIGHTER,STARWARSXWINGVSTIEFIGHTERBALANCEOFPOWERCAMPAIGNS
CASTAWAYPARADISE,CASTAWAYPARADISETOWNBUILDINGSIM
RAIDENLEGACY,RAIDENLEGACYSTEAMEDITION
DEEPECLIPSE,DEEPECLIPSENEWSPACEODYSSEY
BUTTON,BUTTONBRUTALLYUNFAIRTACTICSTOTALLYOKNOW
BUTTON,SUPERBUTTONSOCCER
BUTTON,BUTTONFRENZY
BUTTON,BUTTONTALES
BUTTON,BUTTONBUTTON
BUTTON,BUTTONMUSIC
BUTTON,3BUTTONS
NOBUNAGASAMBITIONKAKUSHINWITHPOWERUPKIT,NOBUNAGASAMBITIONKAKUSHINWITHPOWERUPKITWITH
WHOISMIKE,WHOISMIKEAVISUALNOVEL
RIDINGSTAR,RIDINGSTARHORSECHAMPIONSHIP
NIGHTSHIFTCODE,THENIGHTSHIFTCODE
SPACEFORCEROGUEUNIVERSE,SPACEFORCEROGUEUNIVERSEHD
D4DARKDREAMSDONTDIE,D4DARKDREAMSDONTDIESEASONONE
THEOTHERSIDE,THEOTHERSIDEOFTHESCREEN
HOTELDASH,HOTELDASHSUITESUCCESS
SPACECOLONY,SPACECOLONYSTEAMEDITION
